{"cameraMode":{"drawMode":0,"name":"Shaded","section":"Shading Mode"},"sceneLighting":false,"audioPlay":false,"sceneViewState":{"m_AlwaysRefresh":false,"showFog":true,"showSkybox":false,"showFlares":true,"showImageEffects":true,"showParticleSystems":true,"showVisualEffectGraphs":true,"m_FxEnabled":true},"in2DMode":false,"pivot":{"x":7.856707572937012,"y":16.934709548950197,"z":-21.618799209594728},"rotation":{"x":-0.07999183982610703,"y":0.49902787804603579,"z":-0.060307860374450687,"w":-0.8608758449554443},"size":7.878111839294434,"orthographic":false}