{"cameraMode":{"drawMode":0,"name":"Shaded","section":"Shading Mode"},"sceneLighting":true,"audioPlay":false,"sceneViewState":{"m_AlwaysRefresh":false,"showFog":true,"showSkybox":true,"showFlares":true,"showImageEffects":true,"showParticleSystems":true,"showVisualEffectGraphs":true,"m_FxEnabled":false},"in2DMode":false,"pivot":{"x":22.394765853881837,"y":17.977062225341798,"z":-124.42847442626953},"rotation":{"x":-0.11785794794559479,"y":-0.2624230980873108,"z":0.019561389461159707,"w":-0.9577839970588684},"size":0.7958686351776123,"orthographic":false}